{
  "the_bumblezone:root": {
    "criteria": {
      "instant_granted": "2024-10-07 21:23:36 +0000"
    },
    "done": true
  },
  "the_bumblezone:wiki": {
    "criteria": {
      "instant_granted": "2024-10-07 21:23:36 +0000"
    },
    "done": true
  },
  "minecraft:recipes/decorations/crafting_table": {
    "criteria": {
      "unlock_right_away": "2024-10-07 21:23:36 +0000"
    },
    "done": true
  },
  "minecraft:adventure/adventuring_time": {
    "criteria": {
      "minecraft:jungle": "2024-10-07 21:23:37 +0000"
    },
    "done": false
  },
  "DataVersion": 3465
}